DateTime,Open,High,Low,Close,Volume
2017-08-18,4261.48,4485.39,3938.77,4108.37,1995.0386409999999
2017-08-25,4108.37,4453.91,3400.0,4280.68,4868.988761
2017-09-01,4280.71,4885.55,4124.54,4834.91,3712.279236
2017-09-08,4796.16,4939.19,3603.0,4282.8,6683.996311
2017-09-15,4282.8,4426.62,2817.0,3700.0,7446.126191
2017-09-22,3674.01,4123.2,3470.66,3595.87,6473.629332
2017-09-29,3595.88,4300.0,3542.91,4174.69,5749.417737
2017-10-06,4175.0,4561.63,4110.0,4369.0,5339.53032
2017-10-13,4369.0,5846.17,4312.56,5649.98,6415.70292
2017-10-20,5650.0,6110.0,5037.95,6010.01,11445.651959
2017-10-27,6013.72,6171.0,5286.98,5768.83,13078.861894
2017-11-03,5768.79,7346.34,5630.03,7115.04,12137.718136
2017-11-10,7115.02,7770.02,6255.01,6506.98,13800.704067
2017-11-17,6503.0,7989.0,5325.01,7699.19,19692.13402
2017-11-24,7680.01,8400.0,7422.0,8138.0,28303.462794
2017-12-01,8138.99,11300.03,8090.0,10782.99,46755.877288
2017-12-08,10775.04,17204.99,10500.0,15880.0,52110.258048
2017-12-15,15880.01,17991.0,12368.0,17539.83,84943.469932
2017-12-22,17516.81,19798.68,10961.0,13326.61,107066.178602
2017-12-29,13326.61,16498.05,11640.0,14378.9,127231.680427
2018-01-05,14378.99,17176.24,11750.0,16960.39,120164.96405
2018-01-12,16960.39,17143.13,11400.0,13740.01,139363.08477400002
2018-01-19,13749.95,14580.0,9035.0,11474.98,262218.273741
2018-01-26,11474.98,13099.0,9900.24,11089.0,232430.574501
2018-02-02,11089.0,12244.0,8010.02,8873.03,177025.206444
2018-02-09,8873.03,9473.01,6000.01,8683.92,307126.90071
2018-02-16,8683.93,10323.37,7726.53,10159.98,303250.279607
2018-02-23,10156.07,11786.01,9570.19,10131.04,384380.948161
2018-03-02,10131.04,11200.0,9274.8,11039.0,214649.599566
2018-03-09,11038.99,11710.0,8329.0,9227.0,239112.311072
2018-03-16,9230.0,9888.88,7650.0,8260.0,304742.699809
2018-03-23,8260.0,9177.01,7322.0,8898.03,313341.598663
2018-03-30,8898.04,8999.95,6600.1,6840.23,292257.901369
2018-04-06,6840.24,7520.0,6430.0,6601.39,259562.788617
2018-04-13,6601.39,8233.39,6586.28,7877.41,254006.267045
2018-04-20,7877.48,8930.0,7810.0,8856.98,222262.909602
2018-04-27,8852.12,9759.82,8565.0,8915.35,304089.077074
2018-05-04,8915.35,9844.0,8800.49,9713.99,242503.497091
2018-05-11,9714.0,10020.0,8341.0,8400.0,210957.47848299998
2018-05-18,8405.94,8879.99,7911.9,8239.81,211437.534799
2018-05-25,8238.01,8609.0,7266.99,7457.0,189874.050738
2018-06-01,7456.99,7699.0,7032.95,7521.01,195874.453182
2018-06-08,7521.01,7786.69,7358.0,7603.44,193896.68144
2018-06-15,7603.44,7683.98,6118.68,6388.9,263638.257544
2018-06-22,6380.01,6841.74,5918.94,6045.0,202203.322306
2018-06-29,6045.92,6350.0,5750.0,6197.92,216332.767736
2018-07-06,6197.92,6784.92,6186.03,6609.78,228411.773192
2018-07-13,6609.79,6818.16,6070.0,6214.57,200287.391053
2018-07-20,6214.57,7700.0,6178.0,7337.53,275918.79738
2018-07-27,7337.47,8491.77,7211.0,8188.57,296076.355848
2018-08-03,8188.57,8294.51,7282.44,7418.78,264653.227816
2018-08-10,7412.27,7494.81,6026.39,6144.01,317908.637268
2018-08-17,6148.13,6609.0,5880.0,6584.49,364957.315588
2018-08-24,6579.04,6882.54,6220.0,6681.64,346511.90634
2018-08-31,6686.98,7135.0,6568.0,7011.21,253864.461697
2018-09-07,7011.21,7410.0,6265.0,6395.54,311100.921878
2018-09-14,6395.54,6584.99,6111.0,6476.63,249885.349336
2018-09-21,6476.63,6784.86,6123.0,6759.02,237432.35919
2018-09-28,6759.01,6839.03,6325.02,6634.58,244214.108692
2018-10-05,6634.58,6697.0,6430.0,6635.65,171510.823549
2018-10-12,6635.65,6715.6,6205.0,6298.01,159931.669358
2018-10-19,6298.0,7680.0,6285.07,6528.88,220562.024439
2018-10-26,6528.88,6663.9,6502.8,6538.63,87564.123832
2018-11-02,6538.63,6558.35,6245.02,6433.98,67212.60578
2018-11-09,6432.8,6615.15,6345.0,6419.99,78487.081256
2018-11-16,6419.99,6498.0,5403.42,5655.94,170753.280221
2018-11-23,5650.57,5738.17,4222.94,4420.61,383192.954146
2018-11-30,4415.63,4527.0,3652.66,4041.32,559094.772424
2018-12-07,4041.27,4312.99,3224.6,3403.55,388865.20288
2018-12-14,3403.57,3658.0,3177.0,3224.17,296689.784058
2018-12-21,3225.19,4139.99,3156.26,3838.66,460581.708731
2018-12-28,3840.25,4198.0,3535.0,3839.26,343004.394678
2019-01-04,3839.0,3903.5,3630.33,3792.01,219913.174947
2019-01-11,3790.09,4069.8,3465.0,3601.31,264546.0666
2019-01-18,3601.31,3671.87,3441.3,3594.87,197707.962052
2019-01-25,3594.87,3720.0,3434.85,3565.29,162427.837076
2019-02-01,3566.69,3662.94,3349.92,3462.07,190998.097539
2019-02-08,3462.2,3733.58,3373.1,3659.04,188128.376025
2019-02-15,3660.27,3684.99,3568.11,3602.47,170750.020962
2019-02-22,3602.49,4016.48,3597.91,3962.0,250758.313017
2019-03-01,3962.0,4198.0,3677.17,3823.0,250061.372734
2019-03-08,3822.17,3932.0,3670.69,3864.89,189830.12467
2019-03-15,3864.88,3971.75,3810.43,3923.76,192405.022177
2019-03-22,3924.46,4069.32,3880.01,3986.93,169183.440218
2019-03-29,3987.89,4123.71,3888.71,4103.25,179562.949981
2019-04-05,4104.24,5275.01,4052.0,5004.95,374638.019655
2019-04-12,5004.96,5422.0,4861.22,5048.01,291678.671981
2019-04-19,5047.0,5320.0,4950.0,5258.68,159411.497073
2019-04-26,5258.68,5600.0,5102.0,5314.1,262316.972313
2019-05-03,5315.0,5844.0,5178.8,5772.69,158260.968013
2019-05-10,5770.62,6468.92,5587.45,6373.33,215817.422646
2019-05-17,6375.16,8366.0,6372.85,7355.26,519626.707034
2019-05-24,7355.28,8275.09,7156.61,7964.87,366243.312263
2019-05-31,7964.52,9074.26,7833.42,8555.0,310412.149774
2019-06-07,8555.0,8814.78,7444.58,7980.53,298786.282327
2019-06-14,7978.94,8684.41,7506.66,8650.0,233216.965904
2019-06-21,8650.88,10174.99,8567.63,10159.86,311719.118402
2019-06-28,10159.86,13970.0,9921.72,12400.63,691612.676093
2019-07-05,12407.06,12441.54,9727.0,10970.73,581540.384363
2019-07-12,10982.41,13147.08,10964.51,11757.22,474053.153824
2019-07-19,11757.22,11799.98,9060.0,10504.29,527677.958631
2019-07-26,10505.78,11068.99,9525.0,9824.0,282774.711654
2019-08-02,9824.0,10670.0,9165.0,10523.75,259002.543292
2019-08-09,10523.75,12330.7,10497.93,11879.99,375393.927668
2019-08-16,11879.98,11985.0,9750.0,10331.54,264593.39225
2019-08-23,10331.15,10949.96,9762.0,10389.55,231593.915462
2019-08-30,10388.16,10604.0,9320.0,9584.54,228531.969613
2019-09-06,9582.76,10905.87,9420.75,10298.73,266128.810415
2019-09-13,10298.71,10592.5,9880.0,10342.06,217119.016336
2019-09-20,10344.13,10419.99,9653.0,10168.59,187719.936703
2019-09-27,10167.92,10176.7,7750.0,8177.91,341135.698643
2019-10-04,8177.47,8500.0,7710.0,8137.13,248570.892339
2019-10-11,8137.09,8779.51,7762.0,8258.5,288820.384296
2019-10-18,8257.95,8451.37,7816.01,7947.01,207507.52432
2019-10-25,7946.89,8799.0,7300.0,8655.02,313374.908781
2019-11-01,8655.88,10370.0,8470.38,9231.61,553967.432237
2019-11-08,9231.4,9513.68,8696.0,8773.73,287208.699517
2019-11-15,8773.74,9147.19,8400.0,8471.73,255512.197848
2019-11-22,8471.62,8635.0,6790.0,7268.23,351973.240299
2019-11-29,7268.23,7850.0,6515.0,7739.68,513840.38959700003
2019-12-06,7740.99,7810.0,7067.0,7527.47,377887.977844
2019-12-13,7527.8,7650.0,7080.3,7258.48,257692.798108
2019-12-20,7257.37,7440.0,6435.0,7187.83,336964.596623
2019-12-27,7188.01,7695.38,7076.42,7254.74,267680.627829
2020-01-03,7254.77,7528.45,6871.04,7344.96,230968.82614699999
2020-01-10,7345.0,8455.0,7272.21,8197.02,473395.380476
2020-01-17,8198.86,9041.65,7960.0,8913.28,452205.518695
2020-01-24,8913.27,9198.98,8238.0,8439.0,303296.994473
2020-01-31,8438.99,9578.0,8254.9,9352.89,345252.87159
2020-02-07,9351.71,9885.0,9093.01,9813.73,352255.525446
2020-02-14,9813.87,10500.0,9667.11,10344.36,396395.701987
2020-02-21,10344.36,10375.0,9350.0,9677.05,416042.822737
2020-02-28,9677.05,9990.0,8445.0,8692.91,408283.921359
2020-03-06,8690.8,9170.0,8411.0,9131.88,336877.996803
2020-03-13,9130.89,9188.0,3782.13,5578.6,1070361.520423
2020-03-20,5576.05,6900.0,4442.12,6208.36,1209639.969433
2020-03-27,6204.57,6957.96,5688.0,6359.11,861939.143107
2020-04-03,6359.11,7198.0,5857.76,6734.1,698579.402604
2020-04-10,6732.97,7459.69,6650.01,6858.92,586142.029502
2020-04-17,6858.92,7190.0,6468.27,7027.55,525530.811861
2020-04-24,7026.78,7738.0,6751.0,7505.0,469854.675761
2020-05-01,7505.0,9460.0,7431.07,8826.96,687434.052846
2020-05-08,8825.67,10067.0,8522.0,9800.01,663791.141064
2020-05-15,9800.02,9939.0,8117.0,9316.42,859068.306497
2020-05-22,9315.96,9950.0,8815.0,9170.0,531577.406305
2020-05-29,9170.0,9625.47,8642.72,9427.07,435435.35064
2020-06-05,9426.6,10380.0,9266.0,9621.16,441115.755012
2020-06-12,9621.17,9992.72,9113.0,9465.13,369063.279336
2020-06-19,9464.96,9589.0,8910.45,9310.23,326735.011683
2020-06-26,9310.23,9780.0,9009.69,9162.21,321267.968238
2020-07-03,9162.21,9292.0,8833.0,9058.26,263719.679548
2020-07-10,9057.79,9470.0,8893.03,9288.34,292046.553498
2020-07-17,9288.34,9345.0,9047.25,9154.32,252430.199507
2020-07-24,9154.31,9664.0,9101.35,9537.8,289081.281254
2020-07-31,9538.1,11444.0,9513.0,11335.46,561112.063729
2020-08-07,11335.46,12123.46,10518.5,11594.23,502456.785808
2020-08-14,11594.36,12067.35,11125.0,11760.54,453912.808746
2020-08-21,11760.55,12468.0,11485.81,11531.34,442737.919122
2020-08-28,11531.23,11824.9,11117.64,11526.91,360580.197454
2020-09-04,11526.9,12050.85,9875.5,10446.25,511559.040396
2020-09-11,10446.25,10565.68,9825.0,10387.89,433913.62546999997
2020-09-18,10387.89,11093.0,10200.0,10933.39,375958.362352
2020-09-25,10933.4,11179.79,10136.82,10686.67,349926.930592
2020-10-02,10686.57,10950.0,10374.0,10570.4,301533.223965
2020-10-09,10570.4,11104.64,10496.46,11050.64,261222.480148
2020-10-16,11050.64,11720.01,11050.51,11319.32,306696.028897
2020-10-23,11319.24,13217.68,11255.0,12923.07,390212.522539
2020-10-30,12923.06,13859.48,12765.0,13560.1,456167.423249
2020-11-06,13560.1,15960.0,13195.05,15579.92,601683.648366
2020-11-13,15579.93,16480.0,14344.22,16320.7,593994.622931
2020-11-20,16320.04,18815.22,15670.0,18655.67,629687.635349
2020-11-27,18655.66,19484.21,16188.0,17139.52,713335.059873
2020-12-04,17139.53,19888.0,16865.56,18650.52,577286.01877
2020-12-11,18650.51,19420.91,17572.33,18036.53,388052.037495
2020-12-18,18036.53,23800.0,18020.7,23107.39,594007.314114
2020-12-25,23107.39,24789.86,21815.0,24712.47,605379.671319
2021-01-01,24712.47,29600.0,24500.0,29331.69,620442.922691
2021-01-08,29331.7,41950.0,28130.0,40582.81,907656.182086
2021-01-15,40586.96,41380.0,30420.0,36742.22,924829.039736
2021-01-22,36737.43,37950.0,28850.0,32945.17,684159.769036
2021-01-29,32950.0,38531.9,29241.72,34252.2,716404.872426
2021-02-05,34246.28,38708.27,32171.67,38290.24,553953.302322
2021-02-12,38289.32,48985.8,37351.0,47287.6,709803.688923
2021-02-19,47298.15,56368.0,45570.79,55906.0,531876.458806
2021-02-26,55906.0,58352.8,44106.78,46276.87,727124.456856
2021-03-05,46276.88,52640.0,43000.0,48751.71,540301.5040279999
2021-03-12,48746.81,58150.0,47070.0,57221.72,478347.816863
2021-03-19,57221.72,61844.0,53271.34,58030.01,505998.94622600003
2021-03-26,58030.01,59880.0,50427.56,55025.59,450164.177897
2021-04-02,55025.59,60200.0,53950.0,58950.01,367909.821753
2021-04-09,58950.01,59791.72,55473.0,58142.54,353526.388192
2021-04-16,58142.55,64854.0,57900.01,61334.8,476317.049588
2021-04-23,61334.81,62506.05,47500.0,51125.14,638640.081335
2021-04-30,51110.56,57963.0,46930.0,57694.27,430187.382891
2021-05-07,57697.25,58981.44,52900.0,57314.75,444376.131064
2021-05-14,57315.49,59500.0,46000.0,49841.45,620688.912001
2021-05-21,49844.16,50700.0,30000.0,37252.01,1246810.023996
2021-05-28,37263.35,40841.0,31111.01,35663.49,944010.9745669999
2021-06-04,35661.79,39476.0,33379.0,36829.0,596388.156466
2021-06-11,36829.15,38491.0,31000.0,37331.98,643536.857497
2021-06-18,37331.98,41330.0,34600.36,35819.84,626381.917323
2021-06-25,35820.48,36457.0,28805.0,31584.45,861230.708411
2021-07-02,31576.09,36600.0,30151.0,33786.55,582477.328661
2021-07-09,33786.54,35967.85,32077.0,33815.81,380180.466918
2021-07-16,33815.81,34678.43,31020.0,31383.87,302558.851677
2021-07-23,31383.86,33650.0,29278.0,33634.09,357367.69702099997
2021-07-30,33634.1,42316.71,33401.14,42206.37,565626.010719
2021-08-06,42206.36,43392.43,37332.7,42836.87,419184.814543
2021-08-13,42836.87,47886.0,42446.41,47800.0,427368.742961
2021-08-20,47799.99,49382.99,43927.7,49322.47,362106.508132
2021-08-27,49322.47,50500.0,46250.0,49069.9,323325.374162
2021-09-03,49069.9,51000.0,46512.0,49999.14,311608.29543399997
2021-09-10,49998.0,52920.0,42843.05,44850.91,412277.206663
2021-09-17,44842.2,48557.0,43370.0,47299.98,291211.41862
2021-09-24,47299.98,48843.2,39600.0,42810.57,414453.37706
2021-10-01,42810.58,48495.0,40750.0,48141.61,312761.31337
2021-10-08,48141.6,56100.0,46891.0,53951.43,341211.379661
2021-10-15,53955.67,62933.0,53661.67,61672.42,432194.057232
2021-10-22,61672.42,67000.0,58963.0,60688.22,352080.61747
2021-10-29,60688.23,63710.63,57820.0,62253.71,303079.59974
2021-11-05,62253.7,64270.0,59405.0,60937.12,272673.22554
2021-11-12,60940.18,69000.0,60050.0,64122.23,297109.327788
2021-11-19,64122.22,66401.82,55600.0,58052.24,322646.84611
2021-11-26,58057.1,60029.76,53500.0,53726.53,315049.42411
2021-12-03,53723.72,59176.99,51680.0,53601.05,296625.43189
2021-12-10,53601.05,53859.1,42000.3,47140.54,376961.063608
2021-12-17,47140.54,50777.0,45456.0,46131.2,272416.17026
2021-12-24,46133.83,51810.0,45500.0,50820.0,221769.78004
2021-12-31,50819.99,52088.0,45678.0,46216.93,221140.12382
2022-01-07,46216.93,47990.0,40610.0,41566.48,246599.41415
2022-01-14,41566.48,44500.0,39650.0,43059.96,245197.78619
2022-01-21,43059.96,43800.0,35440.45,36445.31,262301.530689
2022-01-28,36445.31,38919.98,32917.17,37716.56,440893.326802
2022-02-04,37716.57,41772.33,36250.0,41574.25,251569.60455
2022-02-11,41571.7,45821.0,40843.01,42373.73,312639.05159
2022-02-18,42373.73,44751.4,39450.0,39974.44,235958.05435
2022-02-25,39974.45,40444.32,34322.28,39219.17,388226.57389
2022-03-04,39219.16,45400.0,37000.0,39148.66,381967.3873
2022-03-11,39148.65,42594.06,37155.0,38729.57,387991.86069
2022-03-18,38729.57,42325.02,37555.0,41757.51,320505.34315
2022-03-25,41757.51,45094.14,40467.94,44313.16,310240.13808
2022-04-01,44313.16,48189.84,44071.97,46283.49,306501.474
2022-04-08,46283.49,47444.11,42107.14,42252.01,297923.75037
2022-04-15,42252.02,43410.3,39200.0,40551.9,264149.86343
2022-04-22,40551.9,42976.0,38536.51,39709.18,272683.94053
2022-04-29,39709.19,40797.31,37702.26,38596.11,341305.87282
2022-05-06,38596.11,40023.77,35258.0,36013.77,387385.66357
2022-05-13,36013.77,36146.3,26700.0,29287.05,973579.651784
2022-05-20,29287.05,31460.0,28630.0,29201.01,415321.65279
2022-05-27,29201.01,30670.51,28019.56,28629.8,425608.13972
2022-06-03,28629.81,32399.0,28450.0,29700.21,435690.2732
2022-06-10,29700.21,31765.64,28850.0,29091.88,419307.31943
2022-06-17,29091.87,29440.41,20111.62,20468.81,987331.103822
2022-06-24,20468.81,21723.0,17622.0,21237.69,790853.980674
2022-07-01,21237.68,21888.0,18626.0,19279.8,515986.15387
2022-07-08,19279.8,22527.37,18781.0,21594.75,838658.68888
2022-07-15,21594.75,21980.0,18910.94,20830.04,1175050.69684
2022-07-22,20830.04,24276.74,20478.61,22684.83,1338132.916
2022-07-29,22684.83,24442.66,20706.5,23773.75,1240788.2345
2022-08-05,23777.28,24668.0,22400.0,23312.42,1057142.07898
2022-08-12,23313.56,24918.54,22664.69,24403.68,1119826.67744
2022-08-19,24401.7,25211.32,20783.57,20834.39,1364773.43011
2022-08-26,20834.39,21900.0,20107.9,20241.05,1383542.80765
2022-09-02,20239.14,20576.25,19520.0,19951.86,1537257.4544
2022-09-09,19950.98,21597.22,18510.77,21360.11,1850213.68677
2022-09-16,21361.62,22799.0,19320.01,19803.3,2373697.77105
2022-09-23,19803.3,20189.0,18125.98,19289.91,2288421.18369
2022-09-30,19288.57,20385.86,18471.28,19422.61,2835321.31913
2022-10-07,19422.61,20475.0,18920.35,19530.09,1846272.12487
2022-10-14,19530.09,19951.87,18190.0,19176.93,1637581.1432700001
2022-10-21,19176.93,19706.66,18650.0,19164.37,1407847.39974
2022-10-28,19164.37,21020.0,19070.11,20591.84,1856176.14485
2022-11-04,20591.84,21302.05,20031.24,21148.52,2177773.25944
2022-11-11,21148.52,21480.65,15588.0,17070.31,3357270.082542
2022-11-18,17069.98,17190.0,15815.21,16700.45,1719209.93888
2022-11-25,16699.43,16822.41,15476.0,16522.14,1477033.477213
2022-12-02,16521.35,17324.0,15995.27,17092.74,1582842.14206
2022-12-09,17092.13,17424.25,16678.83,17128.56,1481093.22404
2022-12-16,17128.56,18387.95,16527.32,16632.12,1550313.10099
2022-12-23,16631.5,17061.27,16256.3,16778.5,1179815.43503
2022-12-30,16778.52,16972.83,16333.0,16607.48,1042931.30479
2023-01-06,16607.48,17041.0,16470.0,16950.65,1084082.9908
2023-01-13,16950.31,20000.0,16908.0,19930.01,1812682.22533
2023-01-20,19930.01,22755.93,19888.05,22667.21,2081322.80704
2023-01-27,22666.0,23816.73,22292.37,23074.16,2102571.53029
2023-02-03,23074.16,24255.0,22500.0,23431.9,2018398.41245
2023-02-10,23431.9,23587.78,21451.0,21625.19,1970299.08898
2023-02-17,21625.19,25250.0,21351.07,24569.97,2361709.46349
2023-02-24,24568.24,25250.0,22841.19,23185.29,2361661.42875
2023-03-03,23184.04,24000.0,21971.13,22354.34,1816039.69858
2023-03-10,22354.34,22662.09,19549.09,20150.69,2135946.10353
2023-03-17,20150.69,27756.84,19765.03,27395.13,3891359.75176
2023-03-24,27395.13,28868.05,26578.0,27454.47,2080619.02479
2023-03-31,27454.46,29184.68,26508.14,28465.36,533707.41097
2023-04-07,28465.36,28819.71,27200.24,27906.33,322125.36623
2023-04-14,27906.34,31000.0,27800.0,30466.93,377723.06311
2023-04-21,30466.93,30595.6,27125.0,27262.84,411447.85948
2023-04-28,27262.84,30036.0,26942.82,29311.7,455229.9019
2023-05-05,29311.69,29969.39,27666.95,29505.61,341084.64738
2023-05-12,29505.6,29820.0,25811.46,26795.01,373608.72949
2023-05-19,26795.01,27663.59,26361.2,26880.26,239022.01037
2023-05-26,26880.26,27495.83,25871.89,26705.92,227831.79861
2023-06-02,26705.93,28447.14,26505.0,27242.59,256271.38563
2023-06-09,27242.59,27455.02,25351.02,26477.81,288681.62326
2023-06-16,26477.8,26533.87,24800.0,26345.0,311264.10782
2023-06-23,26345.01,31431.94,26181.0,30688.5,396833.00978
2023-06-30,30688.51,31282.0,29500.0,30472.0,314830.0304
2023-07-07,30471.99,31500.0,29701.02,30344.7,256361.75975
2023-07-14,30344.7,31804.2,29900.0,30312.01,267853.8013
2023-07-21,30312.0,30441.46,29512.0,29901.72,177844.76183
2023-07-28,29901.72,30350.0,28861.9,29314.14,174549.66194
2023-08-04,29314.14,30047.5,28585.7,29113.99,192094.00763
2023-08-11,29114.0,30244.0,28701.03,29426.03,183595.51404
2023-08-18,29426.02,29695.32,25166.0,26054.0,282079.07836
2023-08-25,26054.0,26819.27,25300.0,26060.01,211714.23339
2023-09-01,26060.0,28142.85,25333.75,25805.05,246579.69986
2023-09-08,25805.04,26445.5,25372.51,25910.5,160776.02735
2023-09-15,25910.5,26888.0,24901.0,26600.0,224006.891
2023-09-22,26599.99,27483.57,26377.35,26580.14,193032.2652
2023-09-29,26580.14,27308.48,25990.46,26906.96,177677.09175
2023-10-06,26906.96,28580.0,26886.31,27931.09,221888.42667
2023-10-13,27931.1,28095.14,26538.66,26862.0,172247.85085
2023-10-20,26862.0,30207.55,26789.0,29669.04,269999.69413
2023-10-27,29669.05,35280.0,29464.77,33892.02,386110.82014
2023-11-03,33892.01,35984.99,33860.0,34716.78,244521.57659
2023-11-10,34716.78,37972.24,34448.0,37301.63,263294.77619
2023-11-17,37301.63,37980.0,34800.0,36613.92,258317.1684
2023-11-24,36613.91,38414.0,35632.01,37713.57,235577.88154
2023-12-01,37713.57,38999.0,36707.0,38682.52,201356.36808000001
2023-12-08,38682.51,44700.0,38641.61,44170.99,341605.40092
2023-12-15,44171.0,44358.02,40222.0,41940.3,284604.03145
2023-12-22,41940.29,44398.26,40542.93,43969.04,255620.71385
2023-12-29,43969.04,43988.68,41300.0,42066.95,223671.67233
2024-01-05,42066.94,45879.63,40750.0,44145.11,316121.06819
2024-01-12,44145.12,48969.48,41500.0,42782.73,447310.833
2024-01-19,42782.74,43578.01,40280.0,41659.03,275178.99838
2024-01-26,41659.03,42246.82,38555.0,41823.51,258737.90495999999
2024-02-02,41823.51,43882.36,41394.34,43200.0,217455.73028
2024-02-09,43199.99,48200.0,42222.0,47132.77,236579.61986
2024-02-16,47132.78,52816.62,46800.0,52124.11,317957.35958
2024-02-23,52124.1,52985.0,50521.0,50744.15,235750.21902
2024-03-01,50744.15,64000.0,50585.0,62387.9,398660.2409
2024-03-08,62387.9,69990.0,59005.0,68124.19,478122.261622
2024-03-15,68124.2,73777.0,65600.0,69499.85,430105.31405
2024-03-22,69499.84,70043.0,60775.0,63796.64,457626.01915
2024-03-29,63796.64,71769.54,63000.0,69850.54,260174.89604
2024-04-05,69850.53,71366.0,64493.07,67820.62,265599.03711
2024-04-12,67820.63,72797.99,65086.86,67116.52,256682.95419
2024-04-19,67116.52,67929.0,59600.01,63818.01,402805.67935
2024-04-26,63818.01,67232.35,62794.0,63770.01,188474.09823
2024-05-03,63770.0,64734.0,56552.82,62882.01,293358.83466
2024-05-10,62882.01,65500.0,60187.12,60799.99,196480.49371
2024-05-17,60799.99,67451.2,60487.09,67024.0,188908.1889
2024-05-24,67024.0,71979.0,65857.25,68549.99,229172.88717
2024-05-31,68549.99,70687.56,66670.0,67540.01,158090.78167
2024-06-07,67540.01,71997.02,67257.47,69355.6,169660.78127
2024-06-14,69355.6,70195.94,65078.0,66043.99,172886.14929
2024-06-21,66043.99,67298.81,63379.35,64143.56,160900.24609
2024-06-28,64143.56,64546.81,58402.0,60427.84,164535.15113
2024-07-05,60427.84,63861.76,53485.93,56628.79,240033.21612
2024-07-12,56628.79,59650.0,54260.16,57889.1,194957.91978
2024-07-19,57889.09,67386.0,57756.63,66660.0,205528.57104
2024-07-26,66660.01,68474.55,63456.7,67907.99,171516.58478
2024-08-02,67908.0,70079.99,61230.01,61498.33,199166.60085
2024-08-09,61498.34,62745.14,49000.0,60837.99,401192.99082
2024-08-16,60837.99,61858.0,56078.54,58874.6,187773.71019
2024-08-23,58874.59,64955.0,57787.3,64037.24,162986.26344
2024-08-30,64037.24,65000.0,57701.1,59123.99,175177.4026
2024-09-06,59123.99,59809.65,52550.0,53962.97,193042.26934
2024-09-13,53962.97,60625.0,53629.01,60498.0,182905.70137
2024-09-20,60497.99,64133.32,57493.3,63201.05,181375.58431
2024-09-27,63201.05,66498.0,62357.93,65769.95,138115.86794
2024-10-04,65769.95,66260.0,59828.11,62086.0,170198.33871
2024-10-11,62086.0,64478.19,58946.0,62540.0,130003.16583
2024-10-18,62539.99,69000.0,62050.0,68428.0,188166.54661
2024-10-25,68427.99,69519.52,65260.0,66698.33,159209.31639
2024-11-01,66698.32,73620.12,66439.9,69496.01,194211.42523
2024-11-08,69496.0,77199.99,66835.0,76509.78,284190.352325
2024-11-15,76509.78,93265.64,75714.66,91032.07,449817.048939
2024-11-22,91032.08,99588.01,88722.0,98892.0,294411.382712
2024-11-29,98892.0,98908.85,90791.1,97460.0,262334.75761000003
2024-12-06,97460.0,104088.0,90500.0,99740.84,304050.230262
2024-12-13,99740.84,102540.0,94150.05,101424.25,224092.65765
2024-12-20,101424.24,108353.0,92232.54,97805.44,275127.495491
2024-12-27,97805.44,99963.7,92520.0,94299.03,161490.16036
2025-01-03,94299.03,98976.91,91530.45,98174.18,116791.00004
2025-01-10,98174.17,102724.38,91203.67,94726.11,174141.38289
2025-01-17,94726.1,105865.22,89256.69,104077.48,183635.65016
2025-01-24,104077.47,109588.0,99550.0,104870.5,302986.417732
2025-01-31,104870.51,106457.44,97777.77,102429.56,156173.64257
2025-02-07,102429.56,102783.71,91231.0,96506.8,243885.91147
2025-02-14,96506.8,98826.0,94088.23,97500.48,130734.7671
2025-02-21,97500.47,99475.0,93388.09,96181.98,121146.22425
2025-02-28,96181.99,96980.0,78258.52,84349.94,315083.27848
2025-03-07,84349.95,95000.0,81500.0,86801.75,326041.17211
2025-03-14,86801.74,86897.25,76606.0,83983.2,221846.86424
2025-03-21,83983.19,87453.67,81134.66,84088.79,125944.83372
2025-03-28,84088.79,88765.43,83585.0,84424.38,129330.62837
2025-04-04,84424.38,88500.0,81211.24,83889.87,162505.26765
2025-04-11,83889.87,84300.0,74508.0,83423.84,294216.50343
2025-04-18,83423.83,86496.42,82792.95,84474.69,133846.931
2025-04-25,84474.7,95758.04,83949.52,94638.68,167806.27372
2025-05-02,94638.68,97895.68,92800.01,96887.14,113638.2601
2025-05-09,96887.13,104361.3,93377.0,102971.99,133357.8249
2025-05-16,102971.99,105819.45,100718.37,103463.9,135973.88447
2025-05-23,103463.9,111980.0,102000.0,107318.3,195715.938035
2025-05-30,107318.3,110718.0,103621.0,103985.48,129593.33796
2025-06-06,103985.47,106794.67,100372.26,104288.44,99908.04396
2025-06-13,104288.43,110530.17,102664.31,106066.59,110515.60391
2025-06-20,106066.59,108952.38,102345.0,103297.99,86818.44768
2025-06-27,103297.98,108272.45,98200.0,107047.59,121725.6922
2025-07-04,107047.58,110529.18,105100.19,107984.24,72906.50352
2025-07-11,107984.25,118869.98,107429.57,117527.66,96845.237823
2025-07-18,117527.66,123218.0,115736.92,117924.84,129978.354704
2025-07-25,117924.84,120247.8,114723.16,117614.31,126437.18295
2025-08-01,117614.31,119800.0,112722.58,113297.93,102503.50891
2025-08-08,113297.92,117630.0,111920.0,116674.74,73890.59327
2025-08-15,116674.74,124474.0,116299.13,117342.05,131865.702736
2025-08-22,117342.04,118575.0,111684.79,116935.99,97707.86153000001
2025-08-29,116936.0,117030.0,107463.9,108377.4,123217.77579
2025-09-05,108377.4,113384.62,107255.0,110659.99,100326.06238
2025-09-12,110660.0,116665.63,109977.0,116029.42,84161.53961
2025-09-19,116029.41,117900.0,114384.0,115632.38,76519.9965
2025-09-26,115632.39,116121.81,108620.07,109643.46,90112.90872
2025-10-03,109643.46,123894.99,109064.4,122232.0,107272.9526
2025-10-10,122232.21,126199.63,102000.0,112774.5,174123.804316
2025-10-17,112774.49,115963.81,103528.23,106431.68,212895.71832
2025-10-24,106431.68,114000.0,106103.36,111004.89,144214.35666
2025-10-31,111004.9,116400.0,106304.34,109608.01,125422.84752
2025-11-07,109608.01,111250.01,98944.36,103339.08,190354.47325
2025-11-14,103339.09,107500.0,94012.45,94594.0,179552.8063
2025-11-21,94594.0,96846.68,80600.0,85129.43,262329.99988
2025-11-28,85129.42,93092.0,83500.0,90890.7,135498.75769
2025-12-05,90890.71,94150.0,83822.76,89330.04,145146.30287
2025-12-12,89330.04,94588.99,87719.28,90268.42,114115.14112
2025-12-19,90268.43,90634.55,84450.01,88136.94,120043.57495000001
2025-12-26,88136.95,90588.23,86420.0,87369.56,75421.59386
2026-01-02,87369.56,90406.08,86806.5,88453.04,43048.720890000004
